account_id,customer_id,open_date,product_type
ACC20000,CUST10000,2020-10-14,savings
ACC20001,CUST10001,2022-07-31,business_current
ACC20002,CUST10002,2023-01-24,savings
ACC20003,CUST10003,2021-11-01,current
ACC20004,CUST10004,2023-08-18,current
ACC20005,CUST10005,2024-07-17,savings
ACC20006,CUST10006,2020-07-30,savings
ACC20007,CUST10007,2021-05-07,current
ACC20008,CUST10008,2024-03-02,current
ACC20009,CUST10009,2022-04-22,current
ACC20010,CUST10010,2022-05-24,current
ACC20011,CUST10011,2023-10-30,current
ACC20012,CUST10012,2023-03-19,current
ACC20013,CUST10013,2024-01-09,business_current
ACC20014,CUST10014,2022-06-30,current
ACC20015,CUST10015,2024-08-08,savings
ACC20016,CUST10016,2021-09-13,savings
ACC20017,CUST10017,2021-03-02,business_current
ACC20018,CUST10018,2022-07-29,savings
ACC20019,CUST10019,2024-11-07,savings
ACC20020,CUST10020,2020-07-18,current
ACC20021,CUST10021,2024-08-11,savings
ACC20022,CUST10022,2024-07-21,business_current
ACC20023,CUST10023,2021-12-31,savings
ACC20024,CUST10024,2024-07-12,savings
ACC20025,CUST10025,2023-05-07,business_current
ACC20026,CUST10026,2021-03-19,current
ACC20027,CUST10027,2021-05-22,savings
ACC20028,CUST10028,2024-03-17,current
ACC20029,CUST10029,2024-02-09,current
ACC20030,CUST10030,2023-07-17,current
ACC20031,CUST10031,2022-08-19,current
ACC20032,CUST10032,2024-09-19,current
ACC20033,CUST10033,2023-05-13,current
ACC20034,CUST10034,2023-12-11,savings
ACC20035,CUST10035,2023-07-05,savings
ACC20036,CUST10036,2023-02-01,savings
ACC20037,CUST10037,2024-03-22,savings
ACC20038,CUST10038,2023-04-30,savings
ACC20039,CUST10039,2020-10-19,savings
ACC20040,CUST10040,2024-09-01,savings
ACC20041,CUST10041,2021-03-31,current
ACC20042,CUST10042,2024-04-04,savings
ACC20043,CUST10043,2024-01-23,savings
ACC20044,CUST10044,2023-05-02,current
ACC20045,CUST10045,2021-11-22,business_current
ACC20046,CUST10046,2023-04-05,current
ACC20047,CUST10047,2022-10-07,savings
ACC20048,CUST10048,2021-03-17,current
ACC20049,CUST10049,2022-10-23,current
ACC20050,CUST10050,2020-07-24,current
ACC20051,CUST10051,2021-10-14,current
ACC20052,CUST10052,2024-01-10,savings
ACC20053,CUST10053,2021-06-04,savings
ACC20054,CUST10054,2022-11-09,savings
ACC20055,CUST10055,2022-05-14,savings
ACC20056,CUST10056,2022-07-03,savings
ACC20057,CUST10057,2021-07-10,current
ACC20058,CUST10058,2021-08-02,current
ACC20059,CUST10059,2021-01-22,current
ACC20060,CUST10060,2022-11-15,current
ACC20061,CUST10061,2024-04-07,savings
ACC20062,CUST10062,2020-09-07,current
ACC20063,CUST10063,2021-12-11,savings
ACC20064,CUST10064,2021-09-24,savings
ACC20065,CUST10065,2021-09-13,savings
ACC20066,CUST10066,2020-07-05,savings
ACC20067,CUST10067,2021-07-09,current
ACC20068,CUST10068,2022-08-26,savings
ACC20069,CUST10069,2021-08-20,business_current
ACC20070,CUST10070,2023-03-23,current
ACC20071,CUST10071,2021-11-29,current
ACC20072,CUST10072,2021-09-21,savings
ACC20073,CUST10073,2022-06-14,savings
ACC20074,CUST10074,2024-05-08,savings
ACC20075,CUST10075,2024-04-16,current
ACC20076,CUST10076,2021-06-05,business_current
ACC20077,CUST10077,2023-08-02,current
ACC20078,CUST10078,2022-02-20,current
ACC20079,CUST10079,2021-07-26,current
ACC20080,CUST10080,2023-05-13,current
ACC20081,CUST10081,2021-11-27,current
ACC20082,CUST10082,2020-10-01,current
ACC20083,CUST10083,2021-08-14,savings
ACC20084,CUST10084,2024-01-22,savings
ACC20085,CUST10085,2021-12-07,current
ACC20086,CUST10086,2023-04-28,savings
ACC20087,CUST10087,2023-02-14,savings
ACC20088,CUST10088,2024-06-28,current
ACC20089,CUST10089,2024-11-18,savings
ACC20090,CUST10090,2022-07-26,savings
ACC20091,CUST10091,2021-01-06,savings
ACC20092,CUST10092,2023-04-29,savings
ACC20093,CUST10093,2021-02-14,current
ACC20094,CUST10094,2023-04-11,current
ACC20095,CUST10095,2022-03-24,business_current
ACC20096,CUST10096,2021-03-01,savings
ACC20097,CUST10097,2021-08-31,current
ACC20098,CUST10098,2023-09-08,business_current
ACC20099,CUST10099,2022-03-04,current
ACC20100,CUST10100,2021-04-04,business_current
ACC20101,CUST10101,2022-11-26,savings
ACC20102,CUST10102,2022-05-27,current
ACC20103,CUST10103,2024-07-18,current
ACC20104,CUST10104,2023-05-25,current
ACC20105,CUST10105,2020-07-08,savings
ACC20106,CUST10106,2022-06-03,current
ACC20107,CUST10107,2023-03-27,savings
ACC20108,CUST10108,2024-06-28,savings
ACC20109,CUST10109,2023-04-16,savings
ACC20110,CUST10110,2022-07-15,savings
ACC20111,CUST10111,2022-11-07,current
ACC20112,CUST10112,2021-10-28,business_current
ACC20113,CUST10113,2024-08-27,current
ACC20114,CUST10114,2021-10-22,savings
ACC20115,CUST10115,2021-04-06,current
ACC20116,CUST10116,2021-04-02,current
ACC20117,CUST10117,2023-03-12,current
ACC20118,CUST10118,2022-06-16,savings
ACC20119,CUST10119,2021-08-09,savings
ACC20120,CUST10120,2020-08-28,current
ACC20121,CUST10121,2021-03-16,current
ACC20122,CUST10122,2021-09-25,savings
ACC20123,CUST10123,2024-06-07,business_current
ACC20124,CUST10124,2020-07-22,current
ACC20125,CUST10125,2023-08-10,savings
ACC20126,CUST10126,2020-09-20,current
ACC20127,CUST10127,2023-03-07,current
ACC20128,CUST10128,2022-05-26,savings
ACC20129,CUST10129,2022-06-03,business_current
ACC20130,CUST10130,2023-01-08,current
ACC20131,CUST10131,2022-10-03,business_current
ACC20132,CUST10132,2020-11-17,business_current
ACC20133,CUST10133,2021-03-19,savings
ACC20134,CUST10134,2021-12-29,business_current
ACC20135,CUST10135,2023-11-12,current
ACC20136,CUST10136,2024-09-19,current
ACC20137,CUST10137,2024-01-02,current
ACC20138,CUST10138,2021-12-13,savings
ACC20139,CUST10139,2023-05-07,savings
ACC20140,CUST10140,2022-11-10,current
ACC20141,CUST10141,2024-02-12,current
ACC20142,CUST10142,2022-10-11,savings
ACC20143,CUST10143,2022-04-11,savings
ACC20144,CUST10144,2020-11-06,current
ACC20145,CUST10145,2024-08-02,savings
ACC20146,CUST10146,2021-10-02,business_current
ACC20147,CUST10147,2024-10-30,current
ACC20148,CUST10148,2020-10-25,current
ACC20149,CUST10149,2020-07-30,savings
ACC20150,CUST10150,2024-09-12,savings
ACC20151,CUST10151,2022-12-10,savings
ACC20152,CUST10152,2022-10-06,current
ACC20153,CUST10153,2021-07-19,savings
ACC20154,CUST10154,2022-12-24,business_current
ACC20155,CUST10155,2021-05-10,savings
ACC20156,CUST10156,2023-08-09,current
ACC20157,CUST10157,2020-08-26,current
ACC20158,CUST10158,2022-01-18,savings
ACC20159,CUST10159,2022-03-14,savings
ACC20160,CUST10160,2021-03-09,current
ACC20161,CUST10161,2022-11-29,current
ACC20162,CUST10162,2021-11-03,savings
ACC20163,CUST10163,2024-04-01,savings
ACC20164,CUST10164,2022-02-15,savings
ACC20165,CUST10165,2022-01-16,savings
ACC20166,CUST10166,2021-05-07,savings
ACC20167,CUST10167,2024-10-13,current
ACC20168,CUST10168,2021-11-21,savings
ACC20169,CUST10169,2022-08-05,savings
ACC20170,CUST10170,2023-02-25,business_current
ACC20171,CUST10171,2024-01-14,savings
ACC20172,CUST10172,2024-06-05,current
ACC20173,CUST10173,2021-04-05,savings
ACC20174,CUST10174,2022-09-11,savings
ACC20175,CUST10175,2021-06-06,savings
ACC20176,CUST10176,2022-01-31,business_current
ACC20177,CUST10177,2023-02-04,business_current
ACC20178,CUST10178,2020-12-16,savings
ACC20179,CUST10179,2021-02-03,savings
ACC20180,CUST10180,2021-12-28,savings
ACC20181,CUST10181,2024-11-01,savings
ACC20182,CUST10182,2024-08-03,savings
ACC20183,CUST10183,2021-12-16,current
ACC20184,CUST10184,2023-05-21,savings
ACC20185,CUST10185,2022-12-28,savings
ACC20186,CUST10186,2020-08-09,current
ACC20187,CUST10187,2021-11-29,savings
ACC20188,CUST10188,2023-08-18,business_current
ACC20189,CUST10189,2021-04-11,savings
ACC20190,CUST10190,2021-09-17,current
ACC20191,CUST10191,2020-07-10,savings
ACC20192,CUST10192,2023-05-01,current
ACC20193,CUST10193,2020-10-31,current
ACC20194,CUST10194,2022-09-02,business_current
ACC20195,CUST10195,2022-10-11,savings
ACC20196,CUST10196,2021-03-17,current
ACC20197,CUST10197,2021-06-24,current
ACC20198,CUST10198,2021-03-17,savings
ACC20199,CUST10199,2021-10-09,current
ACC20200,CUST10200,2021-02-10,current
ACC20201,CUST10201,2021-10-20,savings
ACC20202,CUST10202,2021-11-22,business_current
ACC20203,CUST10203,2022-10-22,current
ACC20204,CUST10204,2021-12-09,current
ACC20205,CUST10205,2022-10-24,savings
ACC20206,CUST10206,2024-11-11,savings
ACC20207,CUST10207,2023-09-21,business_current
ACC20208,CUST10208,2023-02-17,current
ACC20209,CUST10209,2023-12-11,current
ACC20210,CUST10210,2022-11-03,business_current
ACC20211,CUST10211,2021-10-25,current
ACC20212,CUST10212,2023-11-17,savings
ACC20213,CUST10213,2023-09-19,savings
ACC20214,CUST10214,2023-08-04,savings
ACC20215,CUST10215,2023-06-21,savings
ACC20216,CUST10216,2021-10-14,savings
ACC20217,CUST10217,2022-10-27,savings
ACC20218,CUST10218,2020-10-11,savings
ACC20219,CUST10219,2024-08-10,savings
ACC20220,CUST10220,2020-12-20,current
ACC20221,CUST10221,2024-11-03,savings
ACC20222,CUST10222,2024-05-04,business_current
ACC20223,CUST10223,2022-09-04,savings
ACC20224,CUST10224,2022-08-29,savings
ACC20225,CUST10225,2021-10-07,current
ACC20226,CUST10226,2023-05-13,savings
ACC20227,CUST10227,2020-12-15,current
ACC20228,CUST10228,2024-02-29,savings
ACC20229,CUST10229,2020-08-22,current
ACC20230,CUST10230,2021-10-28,current
ACC20231,CUST10231,2023-06-09,savings
ACC20232,CUST10232,2023-03-16,current
ACC20233,CUST10233,2024-06-06,business_current
ACC20234,CUST10234,2021-10-25,savings
ACC20235,CUST10235,2024-01-06,savings
ACC20236,CUST10236,2022-05-20,savings
ACC20237,CUST10237,2021-04-18,current
ACC20238,CUST10238,2020-10-22,current
ACC20239,CUST10239,2021-10-16,current
ACC20240,CUST10240,2024-07-16,savings
ACC20241,CUST10241,2020-07-02,current
ACC20242,CUST10242,2024-09-19,savings
ACC20243,CUST10243,2024-01-01,savings
ACC20244,CUST10244,2023-06-24,savings
ACC20245,CUST10245,2021-01-28,savings
ACC20246,CUST10246,2023-03-09,savings
ACC20247,CUST10247,2024-09-09,savings
ACC20248,CUST10248,2021-11-03,current
ACC20249,CUST10249,2024-10-08,savings
ACC20250,CUST10250,2021-09-14,savings
ACC20251,CUST10251,2023-03-12,savings
ACC20252,CUST10252,2021-06-27,business_current
ACC20253,CUST10253,2021-08-04,business_current
ACC20254,CUST10254,2023-03-09,current
ACC20255,CUST10255,2021-04-16,current
ACC20256,CUST10256,2023-04-19,savings
ACC20257,CUST10257,2021-09-19,current
ACC20258,CUST10258,2020-10-24,current
ACC20259,CUST10259,2024-04-09,current
ACC20260,CUST10260,2020-07-17,current
ACC20261,CUST10261,2023-04-29,current
ACC20262,CUST10262,2024-03-21,current
ACC20263,CUST10263,2021-05-28,current
ACC20264,CUST10264,2022-11-15,current
ACC20265,CUST10265,2022-07-09,business_current
ACC20266,CUST10266,2021-02-14,current
ACC20267,CUST10267,2022-07-19,savings
ACC20268,CUST10268,2021-03-18,savings
ACC20269,CUST10269,2022-04-09,current
ACC20270,CUST10270,2021-01-19,current
ACC20271,CUST10271,2021-05-04,business_current
ACC20272,CUST10272,2021-06-27,business_current
ACC20273,CUST10273,2023-05-24,business_current
ACC20274,CUST10274,2023-10-11,current
ACC20275,CUST10275,2021-08-07,current
ACC20276,CUST10276,2022-04-17,current
ACC20277,CUST10277,2022-02-03,savings
ACC20278,CUST10278,2024-06-15,savings
ACC20279,CUST10279,2021-02-15,current
ACC20280,CUST10280,2021-07-05,current
ACC20281,CUST10281,2022-12-29,current
ACC20282,CUST10282,2020-08-14,current
ACC20283,CUST10283,2022-02-01,current
ACC20284,CUST10284,2020-10-14,savings
ACC20285,CUST10285,2021-10-28,business_current
ACC20286,CUST10286,2021-09-26,savings
ACC20287,CUST10287,2023-02-11,business_current
ACC20288,CUST10288,2022-03-02,savings
ACC20289,CUST10289,2021-05-15,current
ACC20290,CUST10290,2024-08-08,business_current
ACC20291,CUST10291,2022-02-10,business_current
ACC20292,CUST10292,2023-03-09,current
ACC20293,CUST10293,2020-08-09,current
ACC20294,CUST10294,2023-03-19,current
ACC20295,CUST10295,2020-12-11,savings
ACC20296,CUST10296,2020-09-30,business_current
ACC20297,CUST10297,2023-10-30,savings
ACC20298,CUST10298,2024-08-03,savings
ACC20299,CUST10299,2020-11-21,business_current
ACC20300,CUST10300,2021-06-29,savings
ACC20301,CUST10301,2021-05-07,current
ACC20302,CUST10302,2022-03-21,savings
ACC20303,CUST10303,2023-05-17,savings
ACC20304,CUST10304,2020-06-27,savings
ACC20305,CUST10305,2023-08-08,savings
ACC20306,CUST10306,2021-10-13,current
ACC20307,CUST10307,2021-07-28,savings
ACC20308,CUST10308,2023-02-16,savings
ACC20309,CUST10309,2021-03-24,savings
ACC20310,CUST10310,2021-10-14,current
ACC20311,CUST10311,2020-11-11,current
ACC20312,CUST10312,2021-07-06,current
ACC20313,CUST10313,2024-06-06,savings
ACC20314,CUST10314,2020-07-08,current
ACC20315,CUST10315,2024-05-13,current
ACC20316,CUST10316,2024-10-27,current
ACC20317,CUST10317,2023-01-13,savings
ACC20318,CUST10318,2023-01-25,current
ACC20319,CUST10319,2022-09-22,savings
ACC20320,CUST10320,2023-10-28,business_current
ACC20321,CUST10321,2021-03-31,current
ACC20322,CUST10322,2023-09-03,current
ACC20323,CUST10323,2020-09-08,savings
ACC20324,CUST10324,2023-08-11,current
ACC20325,CUST10325,2021-06-15,savings
ACC20326,CUST10326,2022-06-28,current
ACC20327,CUST10327,2022-09-19,savings
ACC20328,CUST10328,2024-02-06,savings
ACC20329,CUST10329,2022-08-15,savings
ACC20330,CUST10330,2022-09-06,savings
ACC20331,CUST10331,2023-05-13,business_current
ACC20332,CUST10332,2023-06-08,current
ACC20333,CUST10333,2024-08-20,savings
ACC20334,CUST10334,2023-10-20,savings
ACC20335,CUST10335,2024-03-29,business_current
ACC20336,CUST10336,2023-06-29,savings
ACC20337,CUST10337,2023-08-31,business_current
ACC20338,CUST10338,2024-11-17,current
ACC20339,CUST10339,2023-07-06,current
ACC20340,CUST10340,2022-11-05,savings
ACC20341,CUST10341,2023-05-26,current
ACC20342,CUST10342,2021-07-24,savings
ACC20343,CUST10343,2024-09-26,savings
ACC20344,CUST10344,2021-03-09,savings
ACC20345,CUST10345,2021-10-17,savings
ACC20346,CUST10346,2020-07-11,savings
ACC20347,CUST10347,2021-06-17,savings
ACC20348,CUST10348,2023-10-27,current
ACC20349,CUST10349,2023-12-12,current
ACC20350,CUST10350,2024-06-11,current
ACC20351,CUST10351,2024-11-15,current
ACC20352,CUST10352,2023-03-10,current
ACC20353,CUST10353,2021-12-31,savings
ACC20354,CUST10354,2024-10-31,current
ACC20355,CUST10355,2024-09-23,savings
ACC20356,CUST10356,2021-01-22,current
ACC20357,CUST10357,2021-03-26,savings
ACC20358,CUST10358,2020-07-12,current
ACC20359,CUST10359,2021-11-16,savings
ACC20360,CUST10360,2021-03-12,savings
ACC20361,CUST10361,2024-08-27,business_current
ACC20362,CUST10362,2024-09-06,savings
ACC20363,CUST10363,2023-01-11,current
ACC20364,CUST10364,2024-01-05,current
ACC20365,CUST10365,2021-02-23,current
ACC20366,CUST10366,2024-04-16,savings
ACC20367,CUST10367,2020-11-12,current
ACC20368,CUST10368,2021-03-15,current
ACC20369,CUST10369,2022-03-04,current
ACC20370,CUST10370,2023-08-13,current
ACC20371,CUST10371,2024-11-03,current
ACC20372,CUST10372,2021-10-14,savings
ACC20373,CUST10373,2021-07-31,current
ACC20374,CUST10374,2023-04-22,savings
ACC20375,CUST10375,2023-07-06,business_current
ACC20376,CUST10376,2021-05-19,savings
ACC20377,CUST10377,2021-12-15,savings
ACC20378,CUST10378,2024-05-06,current
ACC20379,CUST10379,2023-01-11,current
ACC20380,CUST10380,2020-10-18,current
ACC20381,CUST10381,2021-04-13,current
ACC20382,CUST10382,2020-12-20,current
ACC20383,CUST10383,2021-03-05,savings
ACC20384,CUST10384,2023-10-15,savings
ACC20385,CUST10385,2022-09-30,savings
ACC20386,CUST10386,2021-01-30,current
ACC20387,CUST10387,2021-04-22,savings
ACC20388,CUST10388,2023-12-18,current
ACC20389,CUST10389,2022-04-27,savings
ACC20390,CUST10390,2021-09-28,current
ACC20391,CUST10391,2021-12-10,savings
ACC20392,CUST10392,2022-04-14,savings
ACC20393,CUST10393,2022-10-15,current
ACC20394,CUST10394,2022-06-08,current
ACC20395,CUST10395,2024-11-28,savings
ACC20396,CUST10396,2020-10-13,current
ACC20397,CUST10397,2023-12-11,business_current
ACC20398,CUST10398,2022-10-01,current
ACC20399,CUST10399,2024-05-04,savings
ACC20400,CUST10400,2023-09-11,business_current
ACC20401,CUST10401,2020-11-02,current
ACC20402,CUST10402,2024-06-13,savings
ACC20403,CUST10403,2021-06-28,current
ACC20404,CUST10404,2024-07-20,savings
ACC20405,CUST10405,2024-07-16,current
ACC20406,CUST10406,2023-03-03,current
ACC20407,CUST10407,2023-01-28,savings
ACC20408,CUST10408,2024-03-01,savings
ACC20409,CUST10409,2021-09-11,savings
ACC20410,CUST10410,2020-10-30,business_current
ACC20411,CUST10411,2021-06-30,current
ACC20412,CUST10412,2022-03-27,savings
ACC20413,CUST10413,2020-06-28,savings
ACC20414,CUST10414,2023-05-23,current
ACC20415,CUST10415,2022-01-15,current
ACC20416,CUST10416,2024-02-27,savings
ACC20417,CUST10417,2021-03-28,savings
ACC20418,CUST10418,2023-08-02,business_current
ACC20419,CUST10419,2022-09-02,business_current
ACC20420,CUST10420,2022-04-22,savings
ACC20421,CUST10421,2021-01-31,current
ACC20422,CUST10422,2021-02-11,business_current
ACC20423,CUST10423,2024-06-05,savings
ACC20424,CUST10424,2021-01-09,current
ACC20425,CUST10425,2021-01-11,savings
ACC20426,CUST10426,2024-12-02,current
ACC20427,CUST10427,2022-11-30,savings
ACC20428,CUST10428,2022-09-18,current
ACC20429,CUST10429,2023-01-03,savings
ACC20430,CUST10430,2024-05-15,savings
ACC20431,CUST10431,2024-05-31,savings
ACC20432,CUST10432,2022-09-12,savings
ACC20433,CUST10433,2021-04-02,current
ACC20434,CUST10434,2024-12-13,business_current
ACC20435,CUST10435,2024-06-02,savings
ACC20436,CUST10436,2022-09-03,current
ACC20437,CUST10437,2023-07-05,current
ACC20438,CUST10438,2020-08-03,current
ACC20439,CUST10439,2021-02-22,current
ACC20440,CUST10440,2022-09-16,savings
ACC20441,CUST10441,2020-10-01,current
ACC20442,CUST10442,2021-06-24,savings
ACC20443,CUST10443,2024-09-09,current
ACC20444,CUST10444,2022-09-16,savings
ACC20445,CUST10445,2020-08-01,savings
ACC20446,CUST10446,2022-12-04,current
ACC20447,CUST10447,2022-08-07,savings
ACC20448,CUST10448,2024-05-20,savings
ACC20449,CUST10449,2024-11-18,current
ACC20450,CUST10450,2021-10-12,savings
ACC20451,CUST10451,2023-01-21,savings
ACC20452,CUST10452,2021-07-17,savings
ACC20453,CUST10453,2022-06-12,savings
ACC20454,CUST10454,2021-09-26,savings
ACC20455,CUST10455,2023-06-07,current
ACC20456,CUST10456,2020-11-04,savings
ACC20457,CUST10457,2022-04-14,savings
ACC20458,CUST10458,2022-09-29,current
ACC20459,CUST10459,2023-02-07,savings
ACC20460,CUST10460,2021-08-20,current
ACC20461,CUST10461,2021-11-26,current
ACC20462,CUST10462,2024-03-02,current
ACC20463,CUST10463,2023-08-19,savings
ACC20464,CUST10464,2022-10-27,savings
ACC20465,CUST10465,2023-06-06,current
ACC20466,CUST10466,2023-02-26,savings
ACC20467,CUST10467,2024-06-08,business_current
ACC20468,CUST10468,2020-09-25,savings
ACC20469,CUST10469,2024-11-12,current
ACC20470,CUST10470,2024-05-30,current
ACC20471,CUST10471,2022-01-03,savings
ACC20472,CUST10472,2024-11-04,savings
ACC20473,CUST10473,2024-01-28,savings
ACC20474,CUST10474,2024-08-03,savings
ACC20475,CUST10475,2022-12-27,current
ACC20476,CUST10476,2021-10-17,business_current
ACC20477,CUST10477,2021-10-31,savings
ACC20478,CUST10478,2020-11-02,current
ACC20479,CUST10479,2022-10-06,current
ACC20480,CUST10480,2021-03-26,savings
ACC20481,CUST10481,2022-10-01,current
ACC20482,CUST10482,2023-10-09,savings
ACC20483,CUST10483,2020-12-20,savings
ACC20484,CUST10484,2020-11-17,business_current
ACC20485,CUST10485,2020-09-28,current
ACC20486,CUST10486,2022-09-06,savings
ACC20487,CUST10487,2022-08-14,savings
ACC20488,CUST10488,2023-07-02,savings
ACC20489,CUST10489,2023-03-31,current
ACC20490,CUST10490,2024-05-24,savings
ACC20491,CUST10491,2021-10-04,savings
ACC20492,CUST10492,2024-06-01,savings
ACC20493,CUST10493,2022-06-29,savings
ACC20494,CUST10494,2021-12-26,current
ACC20495,CUST10495,2022-06-06,savings
ACC20496,CUST10496,2024-08-30,current
ACC20497,CUST10497,2021-09-26,savings
ACC20498,CUST10498,2024-06-06,savings
ACC20499,CUST10499,2022-12-18,current
ACC20500,CUST10500,2024-04-25,business_current
ACC20501,CUST10501,2022-04-24,current
ACC20502,CUST10502,2021-01-12,current
ACC20503,CUST10503,2021-06-22,current
ACC20504,CUST10504,2022-10-12,business_current
ACC20505,CUST10505,2022-05-20,current
ACC20506,CUST10506,2021-02-02,savings
ACC20507,CUST10507,2024-10-07,savings
ACC20508,CUST10508,2021-07-01,savings
ACC20509,CUST10509,2023-10-11,savings
ACC20510,CUST10510,2022-07-09,savings
ACC20511,CUST10511,2024-02-18,savings
ACC20512,CUST10512,2020-10-17,current
ACC20513,CUST10513,2021-01-28,business_current
ACC20514,CUST10514,2022-03-04,current
ACC20515,CUST10515,2024-07-29,business_current
ACC20516,CUST10516,2022-10-20,current
ACC20517,CUST10517,2024-05-04,current
ACC20518,CUST10518,2022-01-17,savings
ACC20519,CUST10519,2021-01-21,current
ACC20520,CUST10520,2021-11-20,current
ACC20521,CUST10521,2020-11-29,business_current
ACC20522,CUST10522,2021-07-07,savings
ACC20523,CUST10523,2023-12-06,business_current
ACC20524,CUST10524,2023-10-25,savings
ACC20525,CUST10525,2023-09-26,current
ACC20526,CUST10526,2021-10-24,savings
ACC20527,CUST10527,2023-04-11,business_current
ACC20528,CUST10528,2021-09-24,savings
ACC20529,CUST10529,2024-07-23,savings
ACC20530,CUST10530,2023-10-07,current
ACC20531,CUST10531,2020-12-26,savings
ACC20532,CUST10532,2020-11-02,savings
ACC20533,CUST10533,2024-04-07,current
ACC20534,CUST10534,2021-05-12,savings
ACC20535,CUST10535,2021-06-29,business_current
ACC20536,CUST10536,2021-05-30,current
ACC20537,CUST10537,2021-02-24,current
ACC20538,CUST10538,2022-11-01,savings
ACC20539,CUST10539,2023-03-04,current
ACC20540,CUST10540,2023-12-14,savings
ACC20541,CUST10541,2023-11-10,current
ACC20542,CUST10542,2022-01-17,savings
ACC20543,CUST10543,2024-06-11,business_current
ACC20544,CUST10544,2023-02-16,current
ACC20545,CUST10545,2021-06-09,savings
ACC20546,CUST10546,2023-12-28,current
ACC20547,CUST10547,2024-08-16,current
ACC20548,CUST10548,2023-11-03,current
ACC20549,CUST10549,2022-05-19,business_current
ACC20550,CUST10550,2022-10-02,current
ACC20551,CUST10551,2022-05-04,savings
ACC20552,CUST10552,2021-10-27,savings
ACC20553,CUST10553,2022-10-11,current
ACC20554,CUST10554,2021-03-27,current
ACC20555,CUST10555,2022-06-13,current
ACC20556,CUST10556,2024-03-03,business_current
ACC20557,CUST10557,2023-11-01,business_current
ACC20558,CUST10558,2021-08-28,current
ACC20559,CUST10559,2022-12-09,business_current
ACC20560,CUST10560,2022-07-06,savings
ACC20561,CUST10561,2024-03-23,business_current
ACC20562,CUST10562,2020-07-04,business_current
ACC20563,CUST10563,2024-11-27,current
ACC20564,CUST10564,2020-12-21,current
ACC20565,CUST10565,2024-06-08,current
ACC20566,CUST10566,2023-01-07,current
ACC20567,CUST10567,2023-04-17,savings
ACC20568,CUST10568,2024-08-27,current
ACC20569,CUST10569,2023-07-10,current
ACC20570,CUST10570,2022-06-11,current
ACC20571,CUST10571,2024-02-14,savings
ACC20572,CUST10572,2021-09-11,savings
ACC20573,CUST10573,2020-10-02,current
ACC20574,CUST10574,2022-06-08,savings
ACC20575,CUST10575,2021-04-09,savings
ACC20576,CUST10576,2020-10-23,savings
ACC20577,CUST10577,2024-11-18,savings
ACC20578,CUST10578,2021-08-06,savings
ACC20579,CUST10579,2021-04-25,current
ACC20580,CUST10580,2023-05-17,current
ACC20581,CUST10581,2022-10-10,current
ACC20582,CUST10582,2023-12-11,savings
ACC20583,CUST10583,2024-10-01,current
ACC20584,CUST10584,2024-09-23,savings
ACC20585,CUST10585,2022-07-03,savings
ACC20586,CUST10586,2024-03-30,savings
ACC20587,CUST10587,2024-06-30,current
ACC20588,CUST10588,2022-09-30,current
ACC20589,CUST10589,2021-08-16,savings
ACC20590,CUST10590,2024-11-02,current
ACC20591,CUST10591,2021-02-16,savings
ACC20592,CUST10592,2021-06-21,savings
ACC20593,CUST10593,2024-05-02,business_current
ACC20594,CUST10594,2022-09-02,current
ACC20595,CUST10595,2020-09-10,business_current
ACC20596,CUST10596,2022-10-31,current
ACC20597,CUST10597,2021-01-15,business_current
ACC20598,CUST10598,2021-01-22,business_current
ACC20599,CUST10599,2023-08-14,savings
ACC20600,CUST10600,2023-05-25,savings
ACC20601,CUST10601,2022-11-23,savings
ACC20602,CUST10602,2024-01-22,current
ACC20603,CUST10603,2023-02-09,business_current
ACC20604,CUST10604,2024-08-18,business_current
ACC20605,CUST10605,2023-05-31,savings
ACC20606,CUST10606,2023-01-03,current
ACC20607,CUST10607,2022-08-23,current
ACC20608,CUST10608,2023-07-22,savings
ACC20609,CUST10609,2020-10-23,current
ACC20610,CUST10610,2021-01-14,current
ACC20611,CUST10611,2021-09-27,current
ACC20612,CUST10612,2021-05-21,current
ACC20613,CUST10613,2021-06-28,savings
ACC20614,CUST10614,2022-11-21,current
ACC20615,CUST10615,2020-12-17,current
ACC20616,CUST10616,2020-12-26,savings
ACC20617,CUST10617,2022-05-29,current
ACC20618,CUST10618,2021-02-25,savings
ACC20619,CUST10619,2024-07-05,savings
ACC20620,CUST10620,2021-11-22,business_current
ACC20621,CUST10621,2022-01-04,current
ACC20622,CUST10622,2022-06-16,savings
ACC20623,CUST10623,2024-09-01,current
ACC20624,CUST10624,2021-03-16,current
ACC20625,CUST10625,2021-03-16,business_current
ACC20626,CUST10626,2020-08-18,current
ACC20627,CUST10627,2023-04-22,current
ACC20628,CUST10628,2021-02-15,current
ACC20629,CUST10629,2021-09-06,current
ACC20630,CUST10630,2022-01-22,current
ACC20631,CUST10631,2022-10-10,savings
ACC20632,CUST10632,2022-08-05,current
ACC20633,CUST10633,2023-03-26,current
ACC20634,CUST10634,2023-12-12,business_current
ACC20635,CUST10635,2023-03-30,savings
ACC20636,CUST10636,2021-05-12,savings
ACC20637,CUST10637,2022-03-06,current
ACC20638,CUST10638,2024-04-03,current
ACC20639,CUST10639,2022-12-13,savings
ACC20640,CUST10640,2023-11-10,savings
ACC20641,CUST10641,2023-03-29,current
ACC20642,CUST10642,2022-08-19,business_current
ACC20643,CUST10643,2021-12-18,current
ACC20644,CUST10644,2023-03-13,business_current
ACC20645,CUST10645,2024-04-10,savings
ACC20646,CUST10646,2024-04-27,current
ACC20647,CUST10647,2024-04-06,current
ACC20648,CUST10648,2023-11-22,savings
ACC20649,CUST10649,2021-06-29,savings
ACC20650,CUST10650,2020-09-16,savings
ACC20651,CUST10651,2024-05-08,savings
ACC20652,CUST10652,2024-04-22,savings
ACC20653,CUST10653,2021-07-29,current
ACC20654,CUST10654,2022-04-10,savings
ACC20655,CUST10655,2024-04-07,current
ACC20656,CUST10656,2022-09-05,current
ACC20657,CUST10657,2022-09-12,savings
ACC20658,CUST10658,2022-03-16,savings
ACC20659,CUST10659,2021-02-13,business_current
ACC20660,CUST10660,2023-06-25,business_current
ACC20661,CUST10661,2022-10-28,savings
ACC20662,CUST10662,2022-09-30,current
ACC20663,CUST10663,2022-02-03,current
ACC20664,CUST10664,2021-08-15,current
ACC20665,CUST10665,2022-12-04,current
ACC20666,CUST10666,2024-04-16,savings
ACC20667,CUST10667,2022-10-31,business_current
ACC20668,CUST10668,2023-01-11,savings
ACC20669,CUST10669,2024-08-30,savings
ACC20670,CUST10670,2024-07-19,current
ACC20671,CUST10671,2021-03-19,current
ACC20672,CUST10672,2020-12-30,savings
ACC20673,CUST10673,2020-08-20,savings
ACC20674,CUST10674,2022-06-29,business_current
ACC20675,CUST10675,2021-07-21,savings
ACC20676,CUST10676,2024-09-25,current
ACC20677,CUST10677,2020-11-25,current
ACC20678,CUST10678,2022-11-23,savings
ACC20679,CUST10679,2022-01-06,current
ACC20680,CUST10680,2023-01-29,current
ACC20681,CUST10681,2022-06-27,current
ACC20682,CUST10682,2023-05-19,savings
ACC20683,CUST10683,2020-10-15,savings
ACC20684,CUST10684,2021-02-03,current
ACC20685,CUST10685,2023-10-06,current
ACC20686,CUST10686,2020-07-26,savings
ACC20687,CUST10687,2022-12-16,savings
ACC20688,CUST10688,2021-05-01,savings
ACC20689,CUST10689,2021-04-24,savings
ACC20690,CUST10690,2021-08-10,current
ACC20691,CUST10691,2024-10-26,business_current
ACC20692,CUST10692,2021-06-21,current
ACC20693,CUST10693,2022-05-25,savings
ACC20694,CUST10694,2023-10-11,savings
ACC20695,CUST10695,2023-08-14,current
ACC20696,CUST10696,2022-09-15,current
ACC20697,CUST10697,2023-08-12,savings
ACC20698,CUST10698,2021-06-23,savings
ACC20699,CUST10699,2022-04-28,business_current
ACC20700,CUST10700,2023-05-13,savings
ACC20701,CUST10701,2022-03-08,current
ACC20702,CUST10702,2022-04-18,current
ACC20703,CUST10703,2022-03-10,business_current
ACC20704,CUST10704,2021-10-11,business_current
ACC20705,CUST10705,2022-02-26,savings
ACC20706,CUST10706,2023-02-11,current
ACC20707,CUST10707,2024-09-07,savings
ACC20708,CUST10708,2023-02-11,savings
ACC20709,CUST10709,2022-09-12,savings
ACC20710,CUST10710,2020-10-19,current
ACC20711,CUST10711,2022-10-09,savings
ACC20712,CUST10712,2022-01-26,business_current
ACC20713,CUST10713,2022-04-24,current
ACC20714,CUST10714,2024-07-07,business_current
ACC20715,CUST10715,2021-08-30,savings
ACC20716,CUST10716,2020-12-22,savings
ACC20717,CUST10717,2023-10-01,savings
ACC20718,CUST10718,2024-04-17,current
ACC20719,CUST10719,2021-06-27,current
ACC20720,CUST10720,2024-04-23,current
ACC20721,CUST10721,2020-07-10,current
ACC20722,CUST10722,2022-06-12,savings
ACC20723,CUST10723,2024-05-14,savings
ACC20724,CUST10724,2022-09-15,current
ACC20725,CUST10725,2023-02-28,savings
ACC20726,CUST10726,2022-06-26,current
ACC20727,CUST10727,2021-07-19,current
ACC20728,CUST10728,2022-04-20,business_current
ACC20729,CUST10729,2022-03-05,savings
ACC20730,CUST10730,2022-12-10,current
ACC20731,CUST10731,2023-09-04,savings
ACC20732,CUST10732,2021-07-23,current
ACC20733,CUST10733,2024-05-17,current
ACC20734,CUST10734,2022-02-07,current
ACC20735,CUST10735,2020-08-15,current
ACC20736,CUST10736,2021-05-24,savings
ACC20737,CUST10737,2022-05-18,savings
ACC20738,CUST10738,2024-07-23,savings
ACC20739,CUST10739,2021-09-22,savings
ACC20740,CUST10740,2023-03-29,current
ACC20741,CUST10741,2020-07-11,business_current
ACC20742,CUST10742,2021-12-03,current
ACC20743,CUST10743,2023-01-10,savings
ACC20744,CUST10744,2022-02-11,current
ACC20745,CUST10745,2023-04-05,savings
ACC20746,CUST10746,2021-08-02,savings
ACC20747,CUST10747,2024-05-06,savings
ACC20748,CUST10748,2024-08-08,savings
ACC20749,CUST10749,2023-06-16,savings
ACC20750,CUST10750,2024-03-18,savings
ACC20751,CUST10751,2024-04-14,savings
ACC20752,CUST10752,2023-03-26,savings
ACC20753,CUST10753,2023-12-03,business_current
ACC20754,CUST10754,2023-01-12,savings
ACC20755,CUST10755,2024-02-12,current
ACC20756,CUST10756,2021-03-06,current
ACC20757,CUST10757,2021-04-23,business_current
ACC20758,CUST10758,2022-02-10,current
ACC20759,CUST10759,2022-06-17,current
ACC20760,CUST10760,2021-12-23,current
ACC20761,CUST10761,2023-03-26,savings
ACC20762,CUST10762,2024-02-21,savings
ACC20763,CUST10763,2022-01-31,savings
ACC20764,CUST10764,2023-08-17,savings
ACC20765,CUST10765,2021-10-05,savings
ACC20766,CUST10766,2022-07-26,savings
ACC20767,CUST10767,2022-04-01,current
ACC20768,CUST10768,2020-10-19,savings
ACC20769,CUST10769,2021-07-07,savings
ACC20770,CUST10770,2021-03-21,current
ACC20771,CUST10771,2024-11-16,current
ACC20772,CUST10772,2021-11-29,current
ACC20773,CUST10773,2020-08-19,current
ACC20774,CUST10774,2020-12-19,savings
ACC20775,CUST10775,2022-03-07,savings
ACC20776,CUST10776,2021-03-25,business_current
ACC20777,CUST10777,2023-08-27,current
ACC20778,CUST10778,2022-05-22,savings
ACC20779,CUST10779,2022-01-09,current
ACC20780,CUST10780,2022-10-03,business_current
ACC20781,CUST10781,2024-01-02,current
ACC20782,CUST10782,2023-07-20,business_current
ACC20783,CUST10783,2021-06-16,savings
ACC20784,CUST10784,2020-07-25,current
ACC20785,CUST10785,2022-10-15,savings
ACC20786,CUST10786,2021-06-13,savings
ACC20787,CUST10787,2021-08-06,current
ACC20788,CUST10788,2021-06-21,current
ACC20789,CUST10789,2023-03-13,business_current
ACC20790,CUST10790,2021-02-14,business_current
ACC20791,CUST10791,2023-10-18,savings
ACC20792,CUST10792,2023-01-22,savings
ACC20793,CUST10793,2022-04-29,business_current
ACC20794,CUST10794,2024-11-21,savings
ACC20795,CUST10795,2024-09-15,savings
ACC20796,CUST10796,2023-12-11,savings
ACC20797,CUST10797,2022-11-08,savings
ACC20798,CUST10798,2024-03-13,current
ACC20799,CUST10799,2021-06-21,savings
ACC20800,CUST10467,2024-10-28,business_current
ACC20801,CUST10314,2020-10-10,current
ACC20802,CUST10300,2021-07-26,current
ACC20803,CUST10000,2020-11-23,current
ACC20804,CUST10161,2023-04-27,current
ACC20805,CUST10141,2024-03-28,current
ACC20806,CUST10060,2023-02-11,current
ACC20807,CUST10161,2023-01-12,current
ACC20808,CUST10026,2021-04-09,current
ACC20809,CUST10199,2021-12-22,current
ACC20810,CUST10247,2025-01-30,current
ACC20811,CUST10527,2023-04-17,business_current
ACC20812,CUST10188,2023-09-20,business_current
ACC20813,CUST10199,2021-12-29,current
ACC20814,CUST10422,2021-06-21,business_current
ACC20815,CUST10121,2021-04-21,current
ACC20816,CUST10001,2022-10-03,business_current
ACC20817,CUST10123,2024-08-13,business_current
ACC20818,CUST10128,2022-09-08,current
ACC20819,CUST10598,2021-04-27,business_current
ACC20820,CUST10263,2021-08-19,current
ACC20821,CUST10014,2022-10-06,current
ACC20822,CUST10283,2022-03-01,current
ACC20823,CUST10167,2024-11-28,current
ACC20824,CUST10484,2021-01-15,business_current
ACC20825,CUST10422,2021-04-24,business_current
ACC20826,CUST10087,2023-03-09,current
ACC20827,CUST10241,2020-10-04,current
ACC20828,CUST10515,2024-10-31,business_current
ACC20829,CUST10335,2024-04-15,business_current
ACC20830,CUST10235,2024-02-13,current
ACC20831,CUST10712,2022-05-16,business_current
ACC20832,CUST10191,2020-10-07,current
ACC20833,CUST10232,2023-05-08,current
ACC20834,CUST10279,2021-06-06,current
ACC20835,CUST10603,2023-08-04,business_current
ACC20836,CUST10283,2022-04-19,current
ACC20837,CUST10245,2021-04-12,current
ACC20838,CUST10083,2021-09-18,current
ACC20839,CUST10040,2025-01-15,current
ACC20840,CUST10267,2022-10-23,current
ACC20841,CUST10037,2024-04-16,current
ACC20842,CUST10013,2024-02-17,business_current
ACC20843,CUST10340,2023-04-24,current
ACC20844,CUST10598,2021-04-18,business_current
ACC20845,CUST10598,2021-05-06,business_current
ACC20846,CUST10142,2023-02-14,current
ACC20847,CUST10273,2023-06-23,business_current
ACC20848,CUST10219,2024-12-02,current
ACC20849,CUST10310,2021-12-30,current
ACC20850,CUST10597,2021-02-15,business_current
ACC20851,CUST10068,2022-10-01,current
ACC20852,CUST10728,2022-07-28,business_current
ACC20853,CUST10085,2022-03-08,current
ACC20854,CUST10169,2022-12-01,current
ACC20855,CUST10162,2022-02-23,current
ACC20856,CUST10234,2022-04-05,current
ACC20857,CUST10074,2024-06-17,current
ACC20858,CUST10262,2024-05-30,current
ACC20859,CUST10104,2023-09-10,current
ACC20860,CUST10203,2023-02-26,current
ACC20861,CUST10196,2021-07-31,current
ACC20862,CUST10168,2022-04-07,current
ACC20863,CUST10195,2022-12-17,current
ACC20864,CUST10104,2023-06-16,current
ACC20865,CUST10221,2025-02-26,current
ACC20866,CUST10189,2021-09-10,current
ACC20867,CUST10339,2023-09-10,current
ACC20868,CUST10295,2021-01-09,current
ACC20869,CUST10020,2020-10-22,current
ACC20870,CUST10013,2024-03-02,business_current
ACC20871,CUST10095,2022-07-03,business_current
ACC20872,CUST10208,2023-06-27,current
ACC20873,CUST10557,2023-12-07,business_current
ACC20874,CUST10253,2021-11-07,business_current
ACC20875,CUST10089,2024-12-29,current
ACC20876,CUST10053,2021-10-03,current
ACC20877,CUST10595,2021-02-02,business_current
ACC20878,CUST10125,2023-10-19,current
ACC20879,CUST10005,2024-09-15,current
ACC20880,CUST10233,2024-07-18,business_current
ACC20881,CUST10515,2024-09-05,business_current
ACC20882,CUST10101,2022-12-08,current
ACC20883,CUST10292,2023-06-25,current
ACC20884,CUST10096,2021-03-16,current
ACC20885,CUST10295,2021-01-14,current
ACC20886,CUST10268,2021-08-19,current
ACC20887,CUST10290,2024-12-13,business_current
ACC20888,CUST10229,2020-10-01,current
ACC20889,CUST10132,2020-12-29,business_current
ACC20890,CUST10092,2023-06-12,current
ACC20891,CUST10299,2021-01-22,business_current
ACC20892,CUST10296,2020-10-06,business_current
ACC20893,CUST10215,2023-10-11,current
ACC20894,CUST10603,2023-04-02,business_current
ACC20895,CUST10156,2023-09-22,current
ACC20896,CUST10322,2024-01-20,current
ACC20897,CUST10293,2020-11-03,current
ACC20898,CUST10156,2023-12-01,current
ACC20899,CUST10307,2021-10-24,current
ACC20900,CUST10141,2024-07-30,current
ACC20901,CUST10289,2021-05-24,current
ACC20902,CUST10049,2022-11-26,current
ACC20903,CUST10625,2021-04-05,business_current
ACC20904,CUST10256,2023-05-03,current
ACC20905,CUST10235,2024-02-19,current
ACC20906,CUST10174,2022-10-26,current
ACC20907,CUST10045,2022-03-09,business_current
ACC20908,CUST10126,2021-01-14,current
ACC20909,CUST10205,2023-01-03,current
ACC20910,CUST10216,2022-02-23,current
ACC20911,CUST10059,2021-03-28,current
ACC20912,CUST10126,2020-10-30,current
ACC20913,CUST10041,2021-05-03,current
ACC20914,CUST10186,2020-11-17,current
ACC20915,CUST10535,2021-08-24,business_current
ACC20916,CUST10114,2022-04-07,current
ACC20917,CUST10233,2024-08-08,business_current
ACC20918,CUST10108,2024-08-17,current
ACC20919,CUST10319,2023-02-21,current
ACC20920,CUST10235,2024-01-25,current
ACC20921,CUST10288,2022-07-06,current
ACC20922,CUST10160,2021-06-05,current
ACC20923,CUST10262,2024-09-09,current
ACC20924,CUST10116,2021-07-13,current
ACC20925,CUST10660,2023-07-10,business_current
ACC20926,CUST10096,2021-08-15,current
ACC20927,CUST10127,2023-04-25,current
ACC20928,CUST10040,2024-10-07,current
ACC20929,CUST10434,2025-01-01,business_current
ACC20930,CUST10090,2022-12-30,current
ACC20931,CUST10340,2023-02-01,current
ACC20932,CUST10131,2022-12-12,business_current
ACC20933,CUST10047,2022-11-19,current
ACC20934,CUST10198,2021-04-20,current
ACC20935,CUST10272,2021-08-24,business_current
ACC20936,CUST10230,2021-11-09,current
ACC20937,CUST10326,2022-09-23,current
ACC20938,CUST10757,2021-09-20,business_current
ACC20939,CUST10000,2021-03-31,current
ACC20940,CUST10134,2022-03-02,business_current
ACC20941,CUST10039,2020-11-18,current
ACC20942,CUST10215,2023-11-18,current
ACC20943,CUST10188,2024-01-16,business_current
ACC20944,CUST10163,2024-04-12,current
ACC20945,CUST10202,2022-02-19,business_current
ACC20946,CUST10397,2024-03-03,business_current
ACC20947,CUST10025,2023-08-09,business_current
ACC20948,CUST10323,2020-11-27,current
ACC20949,CUST10111,2023-03-16,current
ACC20950,CUST10782,2023-10-14,business_current
ACC20951,CUST10323,2020-12-25,current
ACC20952,CUST10309,2021-06-27,current
ACC20953,CUST10549,2022-06-18,business_current
ACC20954,CUST10073,2022-10-04,current
ACC20955,CUST10317,2023-05-29,current
ACC20956,CUST10419,2023-01-11,business_current
ACC20957,CUST10338,2025-01-03,current
ACC20958,CUST10123,2024-11-13,business_current
ACC20959,CUST10103,2024-11-25,current
ACC20960,CUST10225,2021-10-21,current
ACC20961,CUST10051,2021-11-25,current
ACC20962,CUST10604,2024-12-20,business_current
ACC20963,CUST10299,2021-04-30,business_current
ACC20964,CUST10397,2024-02-12,business_current
ACC20965,CUST10008,2024-08-19,current
ACC20966,CUST10593,2024-06-20,business_current
ACC20967,CUST10173,2021-08-24,current
ACC20968,CUST10311,2021-04-16,current
ACC20969,CUST10261,2023-09-11,current
ACC20970,CUST10333,2024-11-15,current
ACC20971,CUST10143,2022-05-24,current
ACC20972,CUST10078,2022-05-12,current
ACC20973,CUST10089,2025-05-02,current
ACC20974,CUST10133,2021-04-07,current
ACC20975,CUST10302,2022-07-04,current
ACC20976,CUST10023,2022-03-02,current
ACC20977,CUST10238,2021-04-03,current
ACC20978,CUST10291,2022-03-23,business_current
ACC20979,CUST10214,2024-01-12,current
ACC20980,CUST10171,2024-02-14,current
ACC20981,CUST10076,2021-07-18,business_current
ACC20982,CUST10332,2023-08-29,current
ACC20983,CUST10201,2021-11-17,current
ACC20984,CUST10172,2024-07-06,current
ACC20985,CUST10147,2025-01-21,current
ACC20986,CUST10674,2022-09-19,business_current
ACC20987,CUST10644,2023-04-02,business_current
ACC20988,CUST10046,2023-09-06,current
ACC20989,CUST10091,2021-04-11,current
ACC20990,CUST10361,2024-09-20,business_current
ACC20991,CUST10712,2022-05-24,business_current
ACC20992,CUST10034,2024-04-13,current
ACC20993,CUST10033,2023-09-13,current
ACC20994,CUST10260,2020-08-24,current
ACC20995,CUST10527,2023-09-04,business_current
ACC20996,CUST10165,2022-01-26,current
ACC20997,CUST10091,2021-03-25,current
ACC20998,CUST10114,2022-02-12,current
ACC20999,CUST10243,2024-02-10,current
ACC21000,CUST10139,2023-08-17,current
ACC21001,CUST10181,2025-04-13,current
ACC21002,CUST10063,2022-03-21,current
ACC21003,CUST10331,2023-09-01,business_current
ACC21004,CUST10178,2021-04-17,current
ACC21005,CUST10036,2023-02-16,current
ACC21006,CUST10243,2024-06-20,current
ACC21007,CUST10252,2021-09-04,business_current
ACC21008,CUST10294,2023-08-13,current
ACC21009,CUST10025,2023-06-18,business_current
ACC21010,CUST10434,2025-02-25,business_current
ACC21011,CUST10099,2022-04-20,current
ACC21012,CUST10215,2023-10-07,current
ACC21013,CUST10290,2024-10-09,business_current
ACC21014,CUST10106,2022-10-05,current
ACC21015,CUST10274,2023-11-12,current
ACC21016,CUST10083,2021-12-20,current
ACC21017,CUST10155,2021-10-29,current
ACC21018,CUST10193,2021-03-06,current
ACC21019,CUST10476,2021-11-16,business_current
ACC21020,CUST10714,2024-08-06,business_current
ACC21021,CUST10111,2023-02-26,current
ACC21022,CUST10793,2022-08-13,business_current
ACC21023,CUST10072,2021-10-08,current
ACC21024,CUST10065,2021-12-15,current
ACC21025,CUST10235,2024-05-09,current
ACC21026,CUST10006,2020-12-06,current
ACC21027,CUST10504,2022-12-24,business_current
ACC21028,CUST10147,2024-11-11,current
ACC21029,CUST10200,2021-03-30,current
ACC21030,CUST10156,2023-09-24,current
ACC21031,CUST10255,2021-06-09,current
ACC21032,CUST10066,2020-11-30,current
ACC21033,CUST10134,2022-06-02,business_current
ACC21034,CUST10338,2025-03-03,current
ACC21035,CUST10265,2022-10-18,business_current
ACC21036,CUST10133,2021-07-27,current
ACC21037,CUST10007,2021-05-20,current
ACC21038,CUST10006,2020-08-12,current
ACC21039,CUST10327,2023-01-08,current
ACC21040,CUST10040,2024-11-13,current
ACC21041,CUST10251,2023-04-27,current
ACC21042,CUST10331,2023-06-24,business_current
ACC21043,CUST10285,2022-01-16,business_current
ACC21044,CUST10116,2021-04-27,current
ACC21045,CUST10055,2022-09-09,current
ACC21046,CUST10124,2020-12-13,current
ACC21047,CUST10007,2021-07-12,current
ACC21048,CUST10741,2020-07-26,business_current
ACC21049,CUST10397,2024-04-02,business_current
ACC21050,CUST10080,2023-07-29,current
ACC21051,CUST10660,2023-08-16,business_current
ACC21052,CUST10083,2021-12-08,current
ACC21053,CUST10162,2022-03-11,current
ACC21054,CUST10195,2022-11-30,current
ACC21055,CUST10292,2023-06-28,current
ACC21056,CUST10086,2023-09-28,current
ACC21057,CUST10107,2023-04-08,current
ACC21058,CUST10211,2022-03-30,current
ACC21059,CUST10790,2021-03-14,business_current
ACC21060,CUST10308,2023-08-09,current
ACC21061,CUST10220,2021-06-01,current
ACC21062,CUST10597,2021-04-15,business_current
ACC21063,CUST10269,2022-07-02,current
ACC21064,CUST10076,2021-07-20,business_current
ACC21065,CUST10149,2020-09-07,current
ACC21066,CUST10172,2024-09-01,current
ACC21067,CUST10504,2023-01-26,business_current
ACC21068,CUST10036,2023-06-19,current
ACC21069,CUST10307,2021-07-30,current
ACC21070,CUST10144,2020-12-17,current
ACC21071,CUST10250,2022-01-11,current
ACC21072,CUST10255,2021-09-11,current
ACC21073,CUST10410,2020-11-12,business_current
ACC21074,CUST10009,2022-06-17,current
ACC21075,CUST10125,2024-01-04,current
ACC21076,CUST10338,2025-01-07,current
ACC21077,CUST10232,2023-06-27,current
ACC21078,CUST10008,2024-06-02,current
ACC21079,CUST10005,2024-09-06,current
ACC21080,CUST10279,2021-07-15,current
ACC21081,CUST10076,2021-09-14,business_current
ACC21082,CUST10091,2021-01-15,current
ACC21083,CUST10057,2021-09-29,current
ACC21084,CUST10174,2022-10-16,current
ACC21085,CUST10294,2023-07-28,current
ACC21086,CUST10260,2020-11-13,current
ACC21087,CUST10120,2020-12-14,current
ACC21088,CUST10085,2022-03-17,current
ACC21089,CUST10198,2021-07-11,current
ACC21090,CUST10186,2020-11-06,current
ACC21091,CUST10504,2022-11-28,business_current
ACC21092,CUST10149,2020-11-18,current
ACC21093,CUST10097,2021-10-18,current
ACC21094,CUST10205,2023-03-30,current
ACC21095,CUST10659,2021-07-09,business_current
ACC21096,CUST10137,2024-04-15,current
ACC21097,CUST10048,2021-09-11,current
ACC21098,CUST10284,2021-02-06,current
ACC21099,CUST10250,2021-11-29,current
ACC21100,CUST10295,2021-05-25,current
ACC21101,CUST10418,2023-08-24,business_current
ACC21102,CUST10434,2025-01-04,business_current
ACC21103,CUST10260,2020-07-24,current
ACC21104,CUST10241,2020-10-24,current
ACC21105,CUST10434,2025-04-19,business_current
ACC21106,CUST10322,2024-02-13,current
ACC21107,CUST10199,2021-11-09,current
ACC21108,CUST10250,2022-01-09,current
ACC21109,CUST10174,2023-02-10,current
ACC21110,CUST10134,2022-06-19,business_current
ACC21111,CUST10051,2022-01-30,current
ACC21112,CUST10006,2020-10-03,current
ACC21113,CUST10339,2023-11-09,current
ACC21114,CUST10204,2022-03-16,current
ACC21115,CUST10504,2022-12-03,business_current
ACC21116,CUST10156,2023-09-18,current
ACC21117,CUST10084,2024-05-29,current
ACC21118,CUST10120,2021-02-12,current
ACC21119,CUST10297,2024-02-13,current
ACC21120,CUST10022,2024-10-30,business_current
ACC21121,CUST10342,2021-09-29,current
ACC21122,CUST10178,2021-03-05,current
ACC21123,CUST10039,2021-04-14,current
ACC21124,CUST10037,2024-06-14,current
ACC21125,CUST10121,2021-05-16,current
ACC21126,CUST10017,2021-06-19,business_current
ACC21127,CUST10134,2022-01-03,business_current
ACC21128,CUST10129,2022-07-15,business_current
ACC21129,CUST10097,2022-01-13,current
ACC21130,CUST10317,2023-06-23,current
ACC21131,CUST10065,2021-12-13,current
ACC21132,CUST10691,2025-03-27,business_current
ACC21133,CUST10133,2021-05-28,current
ACC21134,CUST10206,2025-02-19,current
ACC21135,CUST10780,2023-03-09,business_current
ACC21136,CUST10257,2022-01-06,current
ACC21137,CUST10210,2023-03-31,business_current
ACC21138,CUST10130,2023-02-11,current
ACC21139,CUST10251,2023-06-20,current
ACC21140,CUST10310,2021-12-03,current
ACC21141,CUST10115,2021-06-26,current
ACC21142,CUST10183,2022-01-27,current
ACC21143,CUST10137,2024-03-08,current
ACC21144,CUST10418,2023-09-03,business_current
ACC21145,CUST10175,2021-07-16,current
ACC21146,CUST10249,2025-03-11,current
ACC21147,CUST10343,2025-01-10,current
ACC21148,CUST10329,2023-02-01,current
ACC21149,CUST10035,2023-11-29,current
ACC21150,CUST10642,2022-11-13,business_current
ACC21151,CUST10002,2023-02-16,current
ACC21152,CUST10397,2023-12-21,business_current
ACC21153,CUST10137,2024-01-11,current
ACC21154,CUST10247,2025-02-11,current
ACC21155,CUST10620,2021-12-08,business_current
ACC21156,CUST10242,2025-02-15,current
ACC21157,CUST10299,2021-04-16,business_current
ACC21158,CUST10103,2024-08-01,current
ACC21159,CUST10318,2023-03-09,current
ACC21160,CUST10147,2025-04-13,current
ACC21161,CUST10249,2025-01-14,current
ACC21162,CUST10753,2024-02-04,business_current
ACC21163,CUST10262,2024-05-24,current
ACC21164,CUST10055,2022-07-05,current
ACC21165,CUST10195,2022-12-21,current
ACC21166,CUST10309,2021-07-02,current
ACC21167,CUST10334,2024-01-03,current
ACC21168,CUST10266,2021-02-28,current
ACC21169,CUST10042,2024-04-30,current
ACC21170,CUST10595,2021-02-21,business_current
ACC21171,CUST10112,2022-04-12,business_current
ACC21172,CUST10220,2021-01-21,current
ACC21173,CUST10484,2021-03-16,business_current
ACC21174,CUST10230,2021-12-08,current
ACC21175,CUST10467,2024-07-18,business_current
ACC21176,CUST10047,2022-12-15,current
ACC21177,CUST10714,2024-08-02,business_current
ACC21178,CUST10296,2021-02-06,business_current
ACC21179,CUST10090,2022-09-20,current
ACC21180,CUST10108,2024-07-26,current
ACC21181,CUST10167,2024-10-21,current
ACC21182,CUST10120,2020-09-18,current
ACC21183,CUST10165,2022-06-25,current
ACC21184,CUST10296,2020-11-25,business_current
ACC21185,CUST10283,2022-05-19,current
ACC21186,CUST10099,2022-05-30,current
ACC21187,CUST10250,2022-01-11,current
ACC21188,CUST10644,2023-05-01,business_current
ACC21189,CUST10055,2022-05-19,current
ACC21190,CUST10712,2022-07-14,business_current
ACC21191,CUST10214,2024-01-13,current
ACC21192,CUST10236,2022-05-29,current
ACC21193,CUST10515,2024-10-26,business_current
ACC21194,CUST10082,2021-02-10,current
ACC21195,CUST10240,2024-12-25,current
ACC21196,CUST10200,2021-02-20,current
ACC21197,CUST10642,2023-01-03,business_current
ACC21198,CUST10317,2023-03-27,current
ACC21199,CUST10523,2024-01-31,business_current
